Model,Accuracy
SVM,0.9466811751904244
Logistic Regression,0.9281828073993471
Random Forest,0.9053318824809575
Naive Bayes,0.8835690968443961
Decision Tree,0.8454842219804135
